{
  "tasks": [
    {
      "id": 1,
      "title": "Set up development environment and project structure",
      "description": "Configure the development environment and establish the basic project structure for both the Edge extension and Python server components.",
      "status": "done",
      "dependencies": [],
      "priority": "high",
      "details": "1. Install VS Code with GitHub Copilot extension\n2. Set up Node.js environment for extension development (npm init, install webpack, etc.)\n3. Set up Python 3.x environment with required packages (FastAPI, requests, APScheduler, jira-python, python-dotenv)\n4. Create project directory structure:\n   - /extension (for Edge extension code)\n   - /server (for Python FastAPI server)\n   - /docs (for documentation)\n5. Initialize Git repository with appropriate .gitignore\n6. Create configuration templates for environment variables (.env.template)",
      "testStrategy": "Verify all tools and dependencies are correctly installed by running basic commands (node -v, python -v, etc.). Ensure project structure is properly set up and Git is tracking files correctly.",
      "subtasks": [
        {
          "id": 1,
          "title": "Set up Node.js environment and Edge extension structure",
          "description": "Configure the Node.js environment and establish the basic project structure for the Edge extension component following Manifest V3 standards.",
          "dependencies": [],
          "details": "1. Install VS Code with GitHub Copilot extension\n2. Install Node.js (LTS version) and npm\n3. Create the extension directory structure:\n   ```\n   /extension/\n   ├── manifest.json\n   ├── background.js\n   ├── content/\n   │   └── contentScript.js\n   ├── popup/\n   │   ├── popup.html\n   │   └── popup.js\n   ├── icons/\n   │   └── icon.png\n   └── styles/\n       └── popup.css\n   ```\n4. Initialize npm in the extension directory: `npm init -y`\n5. Install development dependencies:\n   ```\n   npm install --save-dev webpack webpack-cli copy-webpack-plugin jest\n   ```\n6. Create a basic manifest.json file using Manifest V3:\n   ```json\n   {\n     \"manifest_version\": 3,\n     \"name\": \"My Edge Extension\",\n     \"version\": \"1.0\",\n     \"description\": \"Edge extension component\",\n     \"permissions\": [\"storage\", \"tabs\"],\n     \"background\": {\n       \"service_worker\": \"background.js\"\n     },\n     \"action\": {\n       \"default_popup\": \"popup/popup.html\"\n     },\n     \"content_scripts\": [\n       {\n         \"matches\": [\"<all_urls>\"],\n         \"js\": [\"content/contentScript.js\"]\n       }\n     ],\n     \"icons\": {\n       \"16\": \"icons/icon.png\"\n     }\n   }\n   ```\n7. Create placeholder files for background.js, contentScript.js, popup.html, and popup.js\n8. Set up a basic webpack.config.js for bundling\n9. Testing approach: Create a basic Jest test setup with a sample test file",
          "status": "done",
          "parentTaskId": 1
        },
        {
          "id": 2,
          "title": "Set up Python environment and FastAPI server structure",
          "description": "Configure the Python environment with virtual environment and establish the basic project structure for the Python server component using FastAPI.",
          "dependencies": [],
          "details": "1. Install Python 3.x if not already installed\n2. Create the server directory structure:\n   ```\n   /server/\n   ├── app/\n   │   ├── __init__.py\n   │   ├── main.py\n   │   ├── api/\n   │   │   └── endpoints.py\n   │   ├── models/\n   │   │   └── schemas.py\n   │   └── core/\n   │       └── config.py\n   ├── tests/\n   │   └── test_endpoints.py\n   └── requirements.txt\n   ```\n3. Create and activate a virtual environment:\n   ```\n   python -m venv venv\n   # On Windows\n   venv\\Scripts\\activate\n   # On macOS/Linux\n   source venv/bin/activate\n   ```\n4. Install required packages:\n   ```\n   pip install fastapi uvicorn requests APScheduler jira-python python-dotenv pytest black flake8\n   ```\n5. Generate requirements.txt: `pip freeze > requirements.txt`\n6. Create a basic main.py file:\n   ```python\n   from fastapi import FastAPI\n   from app.api import endpoints\n\n   app = FastAPI(title=\"My API Server\")\n\n   app.include_router(endpoints.router)\n\n   @app.get(\"/\")\n   async def root():\n       return {\"status\": \"API is running\"}\n   ```\n7. Create a basic endpoints.py file with a router\n8. Create a config.py file for environment variable handling using python-dotenv\n9. Testing approach: Set up pytest with a basic test for the root endpoint",
          "status": "done",
          "parentTaskId": 1
        },
        {
          "id": 3,
          "title": "Initialize Git repository and project configuration",
          "description": "Initialize Git repository with appropriate configuration files, documentation structure, and environment variable templates for both components.",
          "dependencies": [
            1,
            2
          ],
          "details": "1. Initialize Git repository in the project root: `git init`\n2. Create a comprehensive .gitignore file:\n   ```\n   # Node.js\n   node_modules/\n   npm-debug.log\n   dist/\n   \n   # Python\n   __pycache__/\n   *.py[cod]\n   *$py.class\n   *.so\n   .Python\n   venv/\n   env/\n   ENV/\n   .env\n   \n   # IDE\n   .vscode/\n   .idea/\n   *.swp\n   *.swo\n   \n   # OS specific\n   .DS_Store\n   Thumbs.db\n   ```\n3. Create documentation directory structure:\n   ```\n   /docs/\n   ├── extension/\n   │   └── README.md\n   ├── server/\n   │   └── README.md\n   └── README.md\n   ```\n4. Create environment variable templates:\n   - Create `.env.template` in the server directory:\n     ```\n     # API Configuration\n     API_HOST=localhost\n     API_PORT=8000\n     DEBUG=False\n     \n     # JIRA Configuration\n     JIRA_URL=https://your-domain.atlassian.net\n     JIRA_USERNAME=your-email@example.com\n     JIRA_API_TOKEN=your-api-token\n     ```\n5. Create a main README.md with project overview, setup instructions, and component descriptions\n6. Create component-specific README files with detailed setup and usage instructions\n7. Add a LICENSE file appropriate for your project (e.g., MIT)\n8. Create a basic CI configuration (e.g., GitHub Actions workflow file) for linting and testing\n9. Testing approach: Create a script to verify the project structure and configuration files are correctly set up",
          "status": "done",
          "parentTaskId": 1
        },
        {
          "id": 4,
          "title": "Configure publishing setup",
          "description": "Create root package.json and files needed for publishing",
          "details": "",
          "status": "done",
          "dependencies": [],
          "parentTaskId": 1
        }
      ]
    },
    {
      "id": 2,
      "title": "Implement basic Edge extension with chat UI",
      "description": "Create the foundation for the Edge browser extension with a basic chat interface in the sidebar or popup.",
      "status": "done",
      "dependencies": [
        1
      ],
      "priority": "high",
      "details": "1. Create manifest.json for Edge extension (v3 format)\n2. Develop HTML/CSS for chat interface with input field and message display area\n3. Implement basic JavaScript for handling user input and displaying messages\n4. Set up extension popup or sidebar functionality using Chromium APIs\n5. Create basic message handling structure\n6. Implement context-aware input with placeholder suggestions\n7. Design and implement the bot icon and basic UI components\n8. Add extension icons and assets",
      "testStrategy": "Load the extension in Edge developer mode and verify the chat UI appears correctly. Test basic message input and display functionality. Ensure the extension loads without errors in the browser console."
    },
    {
      "id": 3,
      "title": "Create Python server with FastAPI endpoints",
      "description": "Develop the intranet-hosted Python server using FastAPI to handle requests from the Edge extension.",
      "status": "done",
      "dependencies": [
        1
      ],
      "priority": "high",
      "details": "1. Set up FastAPI application structure\n2. Create main API endpoints:\n   - /chat (for LLM processing)\n   - /jira (for Jira interactions)\n   - /reminders (for reminder management)\n3. Implement CORS handling for extension communication\n4. Set up request/response models using Pydantic\n5. Implement basic error handling and logging\n6. Create health check endpoint for monitoring\n7. Set up configuration loading from environment variables\n8. Implement SQLite database initialization for caching",
      "testStrategy": "Run the FastAPI server locally and test endpoints using tools like curl or Postman. Verify proper response formats and error handling. Check database initialization and connection.",
      "subtasks": [
        {
          "id": 1,
          "title": "Set up FastAPI application structure with configuration and CORS",
          "description": "Create the basic FastAPI application structure, implement configuration loading from environment variables, and set up CORS handling for communication with the Edge extension.",
          "dependencies": [],
          "details": "1. Create a new Python project with appropriate directory structure (app/, tests/, etc.)\n2. Set up a virtual environment and install FastAPI, uvicorn, python-dotenv, and other required dependencies\n3. Create a main.py file with the FastAPI application instance\n4. Implement configuration loading from .env file and environment variables\n5. Set up CORS middleware with appropriate origins for the Edge extension\n6. Create a health check endpoint (/health) that returns server status\n7. Implement basic logging configuration\n8. Write tests for the health endpoint and configuration loading\n9. Create a README with setup and running instructions\n10. Test the server locally to ensure it starts and the health endpoint responds correctly",
          "status": "done",
          "parentTaskId": 3
        },
        {
          "id": 2,
          "title": "Implement SQLite database initialization and Pydantic models",
          "description": "Set up SQLite database for caching, create database connection handling, and define Pydantic models for request/response validation.",
          "dependencies": [
            1
          ],
          "details": "1. Add SQLAlchemy and sqlite dependencies to the project\n2. Create database models for caching LLM responses, Jira data, and reminders\n3. Implement database initialization and connection management\n4. Create a database.py module with connection handling and session management\n5. Define Pydantic models for all API endpoints (request and response models)\n6. Implement data validation using Pydantic for incoming requests\n7. Create utility functions for database operations (CRUD operations)\n8. Set up database migration scripts if needed\n9. Write tests for database initialization and basic CRUD operations\n10. Ensure proper error handling for database operations\n11. Test database initialization and connection on application startup",
          "status": "done",
          "parentTaskId": 3
        },
        {
          "id": 3,
          "title": "Create API endpoints with error handling",
          "description": "Implement the main API endpoints for chat, Jira interactions, and reminders with proper error handling and response formatting.",
          "dependencies": [
            1,
            2
          ],
          "details": "1. Create separate router modules for each main functionality (chat, jira, reminders)\n2. Implement the /chat endpoint for LLM processing with appropriate request/response handling\n3. Implement the /jira endpoint for Jira interactions\n4. Implement the /reminders endpoint for reminder management\n5. Create a centralized error handling system with custom exceptions\n6. Implement request validation using the Pydantic models from subtask 2\n7. Set up proper HTTP status codes for different response scenarios\n8. Implement detailed logging for all API calls and errors\n9. Create middleware for request timing and monitoring\n10. Write comprehensive tests for each endpoint covering success and error cases\n11. Document all API endpoints with examples using FastAPI's automatic documentation\n12. Test all endpoints with mock data to ensure proper functionality",
          "status": "done",
          "parentTaskId": 3
        }
      ]
    },
    {
      "id": 4,
      "title": "Implement LLM integration with OpenRouter",
      "description": "Integrate the OpenRouter free API to process natural language commands and generate responses.",
      "status": "done",
      "dependencies": [
        3
      ],
      "priority": "high",
      "details": "1. Register for OpenRouter API key\n2. Implement API client for OpenRouter in Python\n3. Create prompt templates for different types of Jira actions\n4. Implement natural language parsing logic to extract intents and entities\n5. Set up caching mechanism for API responses to handle rate limits\n6. Implement fallback mechanisms for API failures\n7. Create response formatting logic for consistent chatbot replies\n8. Add logging for LLM interactions for debugging",
      "testStrategy": "Test the LLM integration with sample natural language commands. Verify correct parsing of intents (create task, update task, query tasks). Test caching mechanism and fallback behavior under simulated API failures.",
      "subtasks": [
        {
          "id": 1,
          "title": "Set up OpenRouter API client and authentication",
          "description": "Create a Python client for OpenRouter API with authentication, error handling, and basic request functionality",
          "dependencies": [],
          "details": "Implementation details:\n1. Register for an OpenRouter API key and store it securely (e.g., in environment variables)\n2. Create a Python class `OpenRouterClient` that handles API authentication and requests\n3. Implement methods for sending requests to OpenRouter endpoints with proper headers and authentication\n4. Add error handling for common API issues (rate limits, authentication errors, network issues)\n5. Implement a simple retry mechanism for transient failures\n6. Create a basic logging system to track API requests and responses\n7. Write unit tests to verify client functionality with mock responses\n8. Test the client with a simple prompt to ensure proper connectivity\n\nTesting approach:\n- Use pytest to create unit tests with mocked API responses\n- Create integration tests that make actual API calls with minimal prompts\n- Verify error handling by simulating different failure scenarios",
          "status": "done",
          "parentTaskId": 4
        },
        {
          "id": 2,
          "title": "Implement prompt templates and NLP parsing logic",
          "description": "Create structured prompt templates for different Jira actions and implement natural language parsing to extract intents and entities",
          "dependencies": [
            1
          ],
          "details": "Implementation details:\n1. Design prompt templates for common Jira actions (create issue, update status, add comment, etc.)\n2. Create a `PromptManager` class to handle template selection and population\n3. Implement natural language parsing logic to extract user intents from input text\n4. Create entity extraction functions to identify key elements in user requests (issue IDs, project names, etc.)\n5. Implement a mapping system between extracted intents and appropriate prompt templates\n6. Add validation logic to ensure extracted entities are sufficient for the intended action\n7. Create helper functions to format extracted data into structured prompts\n8. Implement unit tests for each parsing component\n\nTesting approach:\n- Create a test suite with sample user inputs covering different Jira actions\n- Verify that intent detection correctly identifies the user's goal\n- Test entity extraction with various phrasings and formats\n- Ensure the prompt templates are populated correctly with extracted data",
          "status": "done",
          "parentTaskId": 4
        },
        {
          "id": 3,
          "title": "Implement response caching, formatting, and fallback mechanisms",
          "description": "Create a caching system for API responses, implement consistent response formatting, and add fallback mechanisms for API failures",
          "dependencies": [
            1,
            2
          ],
          "details": "Implementation details:\n1. Implement a caching mechanism using a library like `cachetools` or Redis\n2. Create cache key generation based on normalized prompts to maximize cache hits\n3. Set appropriate TTL (time-to-live) values for cached responses\n4. Implement a `ResponseFormatter` class to ensure consistent chatbot replies\n5. Create templates for different response types (success, error, clarification needed)\n6. Implement fallback mechanisms for when the API fails or returns unusable responses\n7. Add a local response generator for common failures to maintain conversation flow\n8. Enhance the logging system to track cache hits/misses and fallback activations\n9. Create a comprehensive error classification system to guide fallback behavior\n10. Implement unit and integration tests for the caching and formatting systems\n\nTesting approach:\n- Test cache functionality with repeated identical requests\n- Verify cache invalidation works correctly when TTL expires\n- Test fallback mechanisms by simulating API failures\n- Ensure response formatting maintains consistency across different scenarios\n- Verify that logging captures all relevant information for debugging",
          "status": "done",
          "parentTaskId": 4
        }
      ]
    },
    {
      "id": 5,
      "title": "Develop Jira API integration for task management",
      "description": "Implement the integration with Jira's REST API to create, update, and query issues based on user commands.",
      "status": "done",
      "dependencies": [
        3
      ],
      "priority": "high",
      "details": "1. Set up Jira API authentication using OAuth or API tokens\n2. Implement core Jira operations:\n   - Create issues with appropriate fields\n   - Update existing issues\n   - Query issues with JQL\n   - Add comments to issues\n3. Create mapping between natural language entities and Jira fields\n4. Implement error handling for Jira API responses\n5. Set up caching for frequently accessed Jira data\n6. Create utility functions for common Jira operations\n7. Implement secure token storage and rotation",
      "testStrategy": "Test Jira API integration with sample tasks. Verify correct creation, updating, and querying of issues. Test error handling with invalid inputs and API failures. Verify secure token handling."
    },
    {
      "id": 6,
      "title": "Connect Edge extension to Python server",
      "description": "Establish communication between the Edge extension and the Python server to enable chatbot functionality.",
      "status": "done",
      "dependencies": [
        2,
        3
      ],
      "priority": "high",
      "details": "1. Implement fetch API calls from extension to server endpoints\n2. Set up message handling in the extension to process server responses\n3. ✅ Implement OAuth authentication between extension and server\n4. Add error handling for network issues\n5. Create loading states and indicators in the UI\n6. Implement retry logic for failed requests\n7. Set up local storage for user preferences and session data\n8. Create connection status indicator in the UI\n9. Integrate the implemented OAuth authentication with the rest of the extension functionality\n10. Test authentication token refresh and expiration handling",
      "testStrategy": "Test end-to-end communication between extension and server. Verify proper handling of successful responses and error states. Test network failure scenarios and retry behavior. Verify OAuth authentication flow works correctly, including token refresh and handling expired credentials."
    },
    {
      "id": 7,
      "title": "Implement reminder system with browser notifications",
      "description": "Create a system for sending browser notifications based on Jira due dates and handling conversational replies.",
      "status": "done",
      "dependencies": [
        5,
        6
      ],
      "priority": "medium",
      "details": "1. Set up APScheduler in the Python server to poll Jira for due tasks\n2. Implement notification sending mechanism from server to extension\n3. Create browser notifications using chrome.notifications API\n4. Implement click handlers for notification actions\n5. Add conversational reply support for notifications (e.g., \"Done\", \"Need extension\")\n6. Create reminder templates and formatting\n7. Implement reminder preferences and settings\n8. Set up notification history tracking",
      "testStrategy": "Test reminder scheduling and notification delivery. Verify notifications appear correctly and actions work as expected. Test conversational replies and confirm they update Jira issues correctly.",
      "subtasks": [
        {
          "id": 1,
          "title": "Set up server-side reminder system with APScheduler",
          "description": "Implement the server-side component that polls Jira for due tasks and prepares notifications to be sent to the browser extension",
          "dependencies": [],
          "details": "Implementation steps:\n1. Install APScheduler library in the Python server environment\n2. Create a scheduler configuration that runs at appropriate intervals (e.g., every 15 minutes)\n3. Implement a job function that queries the Jira API for tasks due within configurable time frames (today, tomorrow, this week)\n4. Add logic to filter tasks based on user preferences and priority\n5. Create a notification queue system to store pending notifications\n6. Implement an endpoint that the extension can poll to receive pending notifications\n7. Add logging for scheduler activities and notification generation\n\nTesting approach:\n- Create unit tests with mock Jira responses to verify filtering logic\n- Test the scheduler with different time intervals\n- Verify the endpoint returns properly formatted notification data\n- Test error handling when Jira API is unavailable\n\n<info added on 2025-05-10T09:46:25.873Z>\nAdditional implementation details:\n\nThe ReminderService class in server/app/services/reminders.py follows a singleton pattern to ensure only one scheduler instance runs. Key components include:\n\n```python\nclass ReminderService:\n    _instance = None\n    \n    @classmethod\n    def get_instance(cls, app=None, jira_service=None):\n        if cls._instance is None:\n            cls._instance = ReminderService(app, jira_service)\n        return cls._instance\n        \n    def __init__(self, app, jira_service):\n        self.app = app\n        self.jira_service = jira_service\n        self.scheduler = BackgroundScheduler()\n        self.notification_store = {}  # User-based notification storage\n```\n\nThe notification queue system uses Redis for persistence with TTL support:\n```python\ndef store_notification(self, user_id, notification):\n    key = f\"notifications:{user_id}\"\n    notification_id = str(uuid.uuid4())\n    notification['id'] = notification_id\n    self.redis.hset(key, notification_id, json.dumps(notification))\n    self.redis.expire(key, 86400)  # 24-hour TTL\n```\n\nAPI endpoints in server/app/api/reminders.py include:\n- GET /api/reminders - Returns pending notifications for authenticated user\n- POST /api/reminders/{reminder_id}/snooze - Snoozes a reminder for specified time\n- POST /api/reminders/{reminder_id}/dismiss - Marks a reminder as dismissed\n\nError handling includes circuit-breaker pattern for Jira API failures:\n```python\n@backoff.on_exception(backoff.expo, JiraApiException, max_tries=3)\ndef poll_jira_tasks(self, user_id):\n    # Implementation with retry logic\n```\n\nThe scheduler initialization in main.py includes graceful shutdown:\n```python\n@app.on_event(\"startup\")\nasync def startup_event():\n    reminder_service = ReminderService.get_instance(app, jira_service)\n    reminder_service.start()\n\n@app.on_event(\"shutdown\")\nasync def shutdown_event():\n    reminder_service = ReminderService.get_instance()\n    reminder_service.shutdown()\n```\n</info added on 2025-05-10T09:46:25.873Z>",
          "status": "done",
          "parentTaskId": 7
        },
        {
          "id": 2,
          "title": "Implement browser notification system in extension",
          "description": "Create the browser-side notification system that displays notifications to users and handles basic interactions",
          "dependencies": [
            1
          ],
          "details": "Implementation steps:\n1. Set up a background script in the extension to poll the server endpoint at regular intervals\n2. Implement the chrome.notifications API to display notifications with appropriate icons, titles, and messages\n3. Create notification templates for different types of reminders (due today, overdue, etc.)\n4. Add basic click handlers for notification actions (dismiss, view task)\n5. Implement a mechanism to open the relevant Jira task when a notification is clicked\n6. Add notification sound options\n7. Create a notification history storage using chrome.storage.local\n\nTesting approach:\n- Test notifications with various content lengths and formats\n- Verify notifications appear correctly on different operating systems\n- Test click handlers to ensure they navigate to the correct Jira tasks\n- Verify notification history is properly stored and can be retrieved\n\n<info added on 2025-05-10T09:47:52.205Z>\nHere's additional information to add:\n\nImplementation details:\n- Created a notification queue system in background.js to prevent notification flooding and ensure sequential display\n- Implemented a configurable polling interval (default: 5 minutes) that users can adjust in settings\n- Added debouncing mechanism to prevent duplicate notifications for the same task\n- Developed custom notification icons that visually indicate priority levels (high/medium/low)\n- Implemented rich notification templates with action buttons using chrome.notifications.create with type: 'basic'\n- Created notification persistence across browser restarts using IndexedDB for storage\n- Added badge counter on extension icon showing number of pending notifications\n- Implemented notification grouping for multiple tasks from the same project\n\nPopup interface enhancements:\n- Built a filterable reminders history view with sort options (date, priority)\n- Added \"Do Not Disturb\" mode with scheduled activation periods\n- Implemented notification sound selection from 5 different options\n- Created a \"Clear All\" function to dismiss multiple notifications at once\n- Added keyboard shortcuts for common notification actions\n\nTechnical considerations:\n- Used chrome.alarms API instead of setInterval for better battery performance\n- Implemented proper error handling for notification permission denied states\n- Added analytics tracking for notification interaction rates (view/dismiss/action)\n- Created unit tests using Jest with chrome API mocks to verify notification logic\n</info added on 2025-05-10T09:47:52.205Z>",
          "status": "done",
          "parentTaskId": 7
        },
        {
          "id": 3,
          "title": "Add conversational reply support and user preferences",
          "description": "Enhance the notification system with conversational replies and user-configurable preferences",
          "dependencies": [
            1,
            2
          ],
          "details": "Implementation steps:\n1. Extend the notification UI to include quick reply buttons (e.g., \"Done\", \"Need extension\")\n2. Implement a text input mechanism for custom replies within notifications\n3. Create server endpoints to receive and process notification replies\n4. Add logic to update Jira tasks based on user replies (mark as complete, update due date, add comment)\n5. Implement a preferences page in the extension for configuring notification settings\n6. Add options for notification frequency, types of tasks to be notified about, and quiet hours\n7. Create a system to sync user preferences between the extension and server\n8. Implement a notification center UI to view notification history and pending reminders\n\nTesting approach:\n- Test various reply scenarios and verify Jira tasks are updated correctly\n- Verify preferences are saved and applied correctly to the notification system\n- Test the notification center UI with various numbers of notifications\n- Ensure preferences sync correctly between client and server\n\n<info added on 2025-05-10T09:52:11.179Z>\nFor the conversational reply support:\n\n- Implemented natural language processing for task reminders using our LLM service integration\n- Added new API endpoint in `reminders.py` that processes free-text responses and extracts intent (completion, postponement, delegation, etc.)\n- Created pattern recognition for common phrases like \"I'll finish this tomorrow\", \"Need another day\", or \"Assign this to [name]\"\n- Built a dedicated reply popup interface (`reply.html` and `reply.js`) with a conversational UI that appears when users click 'Reply'\n- Implemented intent classification to categorize responses into actions: complete task, snooze, reassign, add comment, or request help\n- Added contextual suggestions based on task history and user behavior patterns\n- Updated `background.js` to handle the reply flow, process messages through the LLM service, and provide visual feedback\n- Implemented a response confirmation step to verify the system correctly understood the user's intent before taking action\n- Added analytics tracking for reply interactions to improve the language model over time\n- Created fallback mechanisms for when intent cannot be clearly determined, offering the user explicit action choices\n</info added on 2025-05-10T09:52:11.179Z>",
          "status": "done",
          "parentTaskId": 7
        }
      ]
    },
    {
      "id": 8,
      "title": "Add evidence upload functionality",
      "description": "Implement file upload capabilities to attach evidence to Jira issues directly from the chatbot.",
      "status": "pending",
      "dependencies": [
        5,
        6
      ],
      "priority": "medium",
      "details": "1. Add file upload UI components to the extension\n2. Implement file selection and preview functionality\n3. Create file upload endpoint in the FastAPI server\n4. Implement file processing and temporary storage on the server\n5. Add Jira attachment API integration\n6. Create progress indicators for uploads\n7. Implement file type validation and size limits\n8. Add thumbnail grid for uploaded evidence in the UI",
      "testStrategy": "Test file upload functionality with various file types and sizes. Verify files are correctly attached to Jira issues. Test validation and error handling for invalid files."
    },
    {
      "id": 9,
      "title": "Implement SQLite database for caching and persistence",
      "description": "Set up SQLite database for caching Jira data, API responses, and maintaining persistent state.",
      "status": "pending",
      "dependencies": [
        3,
        4,
        5
      ],
      "priority": "medium",
      "details": "1. Design database schema for caching Jira issues, users, and projects\n2. Implement database models and migrations\n3. Create data access layer for database operations\n4. Implement caching logic for LLM responses\n5. Set up cache invalidation rules and timeouts\n6. Add database backup and maintenance routines\n7. Implement query optimization for frequent operations\n8. Create database health monitoring",
      "testStrategy": "Test database operations with sample data. Verify caching improves response times. Test cache invalidation and database maintenance routines. Verify database integrity under load."
    },
    {
      "id": 10,
      "title": "Prepare deployment package and documentation",
      "description": "Create deployment scripts, documentation, and package the application for intranet deployment.",
      "status": "pending",
      "dependencies": [
        2,
        3,
        4,
        5,
        6,
        7,
        8,
        9
      ],
      "priority": "low",
      "details": "1. Create deployment scripts for the Python server\n2. Package the Edge extension as a .crx file\n3. Write installation and configuration documentation\n4. Create user guide with example commands\n5. Implement health check and monitoring scripts\n6. Prepare firewall configuration guidelines\n7. Document Edge enterprise policy settings for extension deployment\n8. Create troubleshooting guide and FAQ",
      "testStrategy": "Test deployment scripts in a staging environment. Verify extension packaging and installation works correctly. Review documentation for completeness and accuracy. Test health check and monitoring scripts."
    }
  ],
  "metadata": {
    "projectName": "PRD Implementation",
    "totalTasks": 10,
    "sourceFile": "documentations/PRD_ Microsoft Edge Chatbot Extension for Jira Action Items2.md",
    "generatedAt": "2023-05-15"
  }
}